Data,Casos confirmats per PCR/TA,PCR Fetes,TA Fets,% PCR/TA Positives,Vacunats 1a dosi,Vacunats 2a dosi,Ingressats,Defuncions,Canvi_diari,Canvi_7D,Canvi_%,Canvi_7D_%,MA_7,MA_30
01/03/2020,2,22,0,0.0,0,0,0,0,0,0,0.0,0.0,0.0,0.0
02/03/2020,5,35,1,8.33,0,0,0,0,3,0,1.5,0.0,0.0,0.0
03/03/2020,9,25,0,0.0,0,0,0,0,4,0,0.8,0.0,0.0,0.0
04/03/2020,7,29,0,3.45,0,0,0,0,-2,0,-0.22,0.0,0.0,0.0
05/03/2020,18,37,1,13.89,0,0,0,0,11,0,1.57,0.0,0.0,0.0
06/03/2020,13,57,0,3.64,0,0,0,0,-5,0,-0.28,0.0,0.0,0.0
07/03/2020,13,83,0,2.41,0,0,0,2,0,0,0.0,0.0,9.57,0.0
08/03/2020,7,53,0,7.69,0,0,0,5,-6,5,-0.46,2.5,10.29,0.0
09/03/2020,93,109,0,13.89,0,0,0,5,86,88,12.29,17.6,22.86,0.0
10/03/2020,163,335,0,19.88,0,0,0,6,70,154,0.75,17.11,44.86,0.0
11/03/2020,208,504,0,18.62,0,0,0,10,45,201,0.28,28.71,73.57,0.0
12/03/2020,362,1005,3,22.06,0,0,0,18,154,344,0.74,19.11,122.71,0.0
13/03/2020,557,1954,0,17.07,0,0,0,30,195,544,0.54,41.85,200.43,0.0
14/03/2020,358,1735,0,18.51,0,0,0,45,-199,345,-0.36,26.54,249.71,0.0
15/03/2020,483,1574,0,29.99,0,0,0,46,125,476,0.35,68.0,317.71,0.0
16/03/2020,1328,2259,0,31.08,0,0,0,46,845,1235,1.75,13.28,494.14,0.0
17/03/2020,1137,2609,0,31.45,0,0,0,59,-191,974,-0.14,5.98,633.29,0.0
18/03/2020,1369,3047,0,33.23,0,0,0,82,232,1161,0.2,5.58,799.14,0.0
19/03/2020,1456,3496,0,38.17,0,0,0,88,87,1094,0.06,3.02,955.43,0.0
20/03/2020,1636,3640,0,40.92,0,0,0,110,180,1079,0.12,1.94,1109.57,0.0
21/03/2020,1068,2934,0,43.73,0,0,0,123,-568,710,-0.35,1.98,1211.0,0.0
22/03/2020,968,2374,0,44.85,0,0,0,155,-100,485,-0.09,1.0,1280.29,0.0
23/03/2020,2323,3718,0,43.05,0,0,0,209,1355,995,1.4,0.75,1422.43,0.0
24/03/2020,1940,4418,0,45.24,0,0,0,235,-383,803,-0.16,0.71,1537.14,0.0
25/03/2020,1828,4407,0,43.18,0,0,0,272,-112,459,-0.06,0.34,1602.71,0.0
26/03/2020,1829,4514,0,45.71,0,0,0,310,1,373,0.0,0.26,1656.0,0.0
27/03/2020,1640,4522,0,41.18,0,0,0,342,-189,4,-0.1,0.0,1656.57,0.0
28/03/2020,1150,4022,0,42.39,0,0,0,334,-490,82,-0.3,0.08,1668.29,0.0
29/03/2020,1013,3317,0,42.36,0,0,0,353,-137,45,-0.12,0.05,1674.71,0.0
30/03/2020,1961,5360,0,35.83,0,0,0,417,948,-362,0.94,-0.16,1623.0,831.47
31/03/2020,1482,5131,1,36.48,0,0,0,395,-479,-458,-0.24,-0.24,1557.57,880.8
01/04/2020,1414,5068,0,31.07,0,0,0,356,-68,-414,-0.05,-0.23,1498.43,927.77
02/04/2020,1351,5198,0,29.92,0,0,0,393,-63,-478,-0.04,-0.26,1430.14,972.5
03/04/2020,1398,5777,0,28.71,0,0,0,386,47,-242,0.03,-0.15,1395.57,1018.87
04/04/2020,753,3496,0,30.12,0,0,0,354,-645,-397,-0.46,-0.35,1338.86,1043.37
05/04/2020,570,2377,2,30.05,0,0,0,347,-183,-443,-0.24,-0.44,1275.57,1061.93
06/04/2020,1432,4736,6,29.49,0,0,0,351,862,-529,1.51,-0.27,1200.0,1109.23
07/04/2020,1188,5732,156,23.95,0,0,0,367,-244,-294,-0.17,-0.2,1158.0,1148.6
08/04/2020,1289,6103,171,23.13,0,0,0,345,101,-125,0.09,-0.09,1140.14,1188.47
09/04/2020,1339,6475,232,22.46,0,0,0,363,50,-12,0.04,-0.01,1138.43,1227.67
10/04/2020,1098,4928,217,22.27,0,0,0,318,-241,-300,-0.18,-0.21,1095.57,1257.33
11/04/2020,804,4149,93,22.74,0,0,0,320,-294,51,-0.27,0.07,1102.86,1272.07
12/04/2020,528,2960,90,21.3,0,0,0,304,-276,-42,-0.34,-0.07,1096.86,1271.1
13/04/2020,761,3805,189,18.34,0,0,0,258,233,-671,0.44,-0.47,1001.0,1284.53
14/04/2020,1179,6287,164,20.71,0,0,0,271,418,-9,0.55,-0.01,999.71,1307.73
15/04/2020,1260,7083,140,20.0,0,0,0,257,81,-29,0.07,-0.02,995.57,1305.47
16/04/2020,1151,7313,119,18.33,0,0,0,242,-109,-188,-0.09,-0.14,968.71,1305.93
17/04/2020,1506,8358,147,17.87,0,0,0,252,355,408,0.31,0.37,1027.0,1310.5
18/04/2020,670,5724,47,13.8,0,0,0,206,-836,-134,-0.56,-0.17,1007.86,1284.3
19/04/2020,415,3861,65,13.34,0,0,0,203,-255,-113,-0.38,-0.21,991.71,1243.6
20/04/2020,856,7374,62,13.6,0,0,0,191,441,95,1.06,0.12,1005.29,1236.53
21/04/2020,888,9358,101,11.22,0,0,0,197,32,-291,0.04,-0.25,963.71,1233.87
22/04/2020,880,10017,166,11.07,0,0,0,149,-8,-380,-0.01,-0.3,909.43,1185.77
23/04/2020,675,8493,65,8.81,0,0,0,135,-205,-476,-0.23,-0.41,841.43,1143.6
24/04/2020,651,10079,113,7.55,0,0,0,148,-24,-855,-0.04,-0.57,719.29,1104.37
25/04/2020,318,5925,41,6.05,0,0,0,134,-333,-352,-0.51,-0.53,669.0,1054.0
26/04/2020,242,4941,42,5.23,0,0,0,128,-76,-173,-0.24,-0.42,644.29,1007.4
27/04/2020,346,7602,68,3.97,0,0,0,116,104,-510,0.43,-0.6,571.43,980.6
28/04/2020,448,10127,57,4.81,0,0,0,128,102,-440,0.29,-0.5,508.57,961.77
29/04/2020,465,9430,49,3.54,0,0,0,105,17,-415,0.04,-0.47,449.29,911.9
30/04/2020,324,10121,47,3.1,0,0,0,96,-141,-351,-0.3,-0.52,399.14,873.3
01/05/2020,218,7133,47,2.87,0,0,2299,90,-106,-433,-0.33,-0.67,337.29,833.43
02/05/2020,160,4441,38,2.97,0,0,2264,94,-58,-158,-0.27,-0.5,314.71,793.73
03/05/2020,77,3401,35,2.39,0,0,2236,88,-83,-165,-0.52,-0.68,291.14,749.7
04/05/2020,238,7288,40,2.83,0,0,2031,86,161,-108,2.09,-0.31,275.71,732.53
05/05/2020,229,7824,52,2.42,0,0,1947,90,-9,-219,-0.04,-0.49,244.43,721.17
06/05/2020,242,8862,56,2.53,0,0,1736,82,13,-223,0.06,-0.48,212.57,681.5
07/05/2020,160,7393,61,2.2,0,0,1616,82,-82,-164,-0.34,-0.51,189.14,647.23
08/05/2020,205,7915,40,2.46,0,0,1492,52,45,-13,0.28,-0.06,187.29,611.1
09/05/2020,149,4538,48,3.22,0,0,1507,42,-56,-11,-0.27,-0.07,185.71,571.43
10/05/2020,87,2325,51,3.55,0,0,1516,51,-62,10,-0.42,0.13,187.14,537.73
11/05/2020,214,6908,59,2.67,0,0,1442,52,127,-24,1.46,-0.1,183.71,518.07
12/05/2020,224,7986,27,2.51,0,0,1337,40,10,-5,0.05,-0.02,183.0,507.93
13/05/2020,213,8228,30,2.53,0,0,1256,33,-11,-29,-0.05,-0.12,178.86,489.67
14/05/2020,199,8796,10,2.04,0,0,1161,27,-14,39,-0.07,0.24,184.43,457.0
15/05/2020,212,8836,27,2.71,0,0,1093,39,13,7,0.07,0.03,185.43,422.07
16/05/2020,118,5816,19,2.56,0,0,1086,25,-94,-31,-0.44,-0.21,181.0,387.63
17/05/2020,55,3156,28,2.07,0,0,1088,25,-63,-32,-0.53,-0.37,176.43,339.27
18/05/2020,223,8602,15,2.19,0,0,1035,16,168,9,3.05,0.04,177.71,324.37
19/05/2020,248,10405,29,2.7,0,0,954,30,25,24,0.11,0.11,181.14,318.8
20/05/2020,216,9326,35,2.4,0,0,928,31,-32,3,-0.13,0.01,181.57,297.47
21/05/2020,274,10432,30,3.09,0,0,884,26,58,75,0.27,0.38,192.29,277.0
22/05/2020,267,11064,23,2.79,0,0,790,22,-7,55,-0.03,0.26,200.14,256.57
23/05/2020,104,5955,32,1.82,0,0,795,28,-163,-14,-0.61,-0.12,198.14,237.53
24/05/2020,131,4153,20,3.58,0,0,808,19,27,76,0.26,1.38,209.0,220.2
25/05/2020,230,7979,24,2.4,0,0,770,19,99,7,0.76,0.03,210.0,217.27
26/05/2020,189,9427,29,2.2,0,0,740,17,-41,-59,-0.18,-0.24,201.57,215.5
27/05/2020,164,8163,30,2.16,0,0,697,15,-25,-52,-0.13,-0.24,194.14,209.43
28/05/2020,173,9380,30,1.92,0,0,656,14,9,-101,0.05,-0.37,179.71,200.27
29/05/2020,200,10339,27,2.26,0,0,589,19,27,-67,0.16,-0.25,170.14,191.43
30/05/2020,109,5574,1,2.33,0,0,612,10,-91,5,-0.45,0.05,170.86,184.27
31/05/2020,48,3214,6,1.62,0,0,612,18,-61,-83,-0.56,-0.63,159.0,178.6
01/06/2020,78,4014,34,1.2,0,0,626,9,30,-152,0.62,-0.66,137.29,175.87
02/06/2020,119,6890,14,1.56,0,0,577,10,41,-70,0.53,-0.37,127.29,177.27
03/06/2020,124,8026,7,1.86,0,0,545,17,5,-40,0.04,-0.24,121.57,173.47
04/06/2020,144,7817,3,1.64,0,0,495,9,20,-29,0.16,-0.17,117.43,170.63
05/06/2020,179,9986,0,2.34,0,0,446,8,35,-21,0.24,-0.1,114.43,168.53
06/06/2020,57,3736,0,1.99,0,0,463,11,-122,-52,-0.68,-0.48,107.0,165.1
07/06/2020,44,2078,0,2.31,0,0,472,9,-13,-4,-0.23,-0.08,106.43,159.73
08/06/2020,114,6145,0,1.03,0,0,440,15,70,36,1.59,0.46,111.57,158.57
09/06/2020,94,7612,1,1.4,0,0,420,3,-20,-25,-0.18,-0.21,108.0,158.8
10/06/2020,121,7247,0,2.02,0,0,413,6,27,-3,0.29,-0.02,107.57,155.7
11/06/2020,72,6479,3,1.07,0,0,377,7,-49,-72,-0.4,-0.5,97.29,150.63
12/06/2020,114,8707,0,1.67,0,0,347,4,42,-65,0.58,-0.36,88.0,147.33
13/06/2020,33,2699,2,1.3,0,0,351,6,-81,-24,-0.71,-0.42,84.57,141.8
14/06/2020,24,1500,3,1.73,0,0,357,10,-9,-20,-0.27,-0.45,81.71,135.53
15/06/2020,91,5620,1,1.11,0,0,333,12,67,-23,2.79,-0.2,78.43,134.63
16/06/2020,88,7215,4,1.3,0,0,325,4,-3,-6,-0.03,-0.06,77.57,135.73
17/06/2020,71,6140,2,1.11,0,0,295,4,-17,-50,-0.19,-0.41,70.43,130.67
18/06/2020,105,5822,1,1.78,0,0,296,5,34,33,0.48,0.46,75.14,125.9
19/06/2020,89,7014,3,1.52,0,0,268,4,-16,-25,-0.15,-0.22,71.57,121.67
20/06/2020,43,2565,5,2.29,0,0,284,7,-46,10,-0.52,0.3,73.0,113.97
21/06/2020,40,1490,2,2.57,0,0,294,3,-3,16,-0.07,0.67,75.29,106.4
22/06/2020,97,4452,3,1.59,0,0,270,6,57,6,1.42,0.07,76.14,106.17
23/06/2020,123,6952,1,2.07,0,0,250,3,26,35,0.27,0.4,81.14,105.9
24/06/2020,47,2042,0,2.31,0,0,263,1,-76,-24,-0.62,-0.34,77.71,99.8
25/06/2020,146,4286,0,1.78,0,0,247,4,99,41,2.11,0.39,83.57,98.37
26/06/2020,183,8068,2,2.65,0,0,238,4,37,94,0.25,1.06,97.0,99.0
27/06/2020,61,2680,3,2.31,0,0,257,3,-122,18,-0.67,0.42,99.57,95.27
28/06/2020,62,1688,0,4.16,0,0,277,2,1,22,0.02,0.55,102.71,90.67
29/06/2020,185,5112,0,1.92,0,0,250,2,123,88,1.98,0.91,115.29,93.2
30/06/2020,176,6937,1,2.75,0,0,255,7,-9,53,-0.05,0.43,122.86,97.47
01/07/2020,251,6005,8,3.65,0,0,245,7,75,204,0.43,4.34,152.0,103.23
02/07/2020,227,5533,4,4.44,0,0,230,3,-24,81,-0.1,0.55,163.57,106.83
03/07/2020,266,7553,0,4.01,0,0,213,5,39,83,0.17,0.45,175.43,111.57
04/07/2020,139,2348,1,5.25,0,0,236,4,-127,78,-0.48,1.28,186.57,111.4
05/07/2020,122,1692,0,6.22,0,0,262,0,-17,60,-0.12,0.97,195.14,109.5
06/07/2020,353,5141,5,3.21,0,0,241,2,231,168,1.89,0.91,219.14,119.37
07/07/2020,428,7708,2,5.12,0,0,234,6,75,252,0.21,1.43,255.14,132.17
08/07/2020,501,7106,0,6.3,0,0,251,4,73,250,0.17,1.0,290.86,145.07
09/07/2020,527,7039,0,7.2,0,0,254,2,26,300,0.05,1.32,333.71,159.5
10/07/2020,595,9087,5,8.13,0,0,260,2,68,329,0.13,1.24,380.71,175.3
11/07/2020,288,3475,2,7.29,0,0,284,4,-307,149,-0.52,1.07,402.0,182.5
12/07/2020,234,2704,0,8.09,0,0,302,4,-54,112,-0.19,0.92,418.0,186.5
13/07/2020,775,7056,6,7.98,0,0,305,2,541,422,2.31,1.2,478.29,211.23
14/07/2020,769,9126,1,8.12,0,0,320,3,-6,341,-0.01,0.8,527.0,236.07
15/07/2020,927,9848,1,8.98,0,0,331,3,158,426,0.21,0.85,587.86,263.93
16/07/2020,1011,10276,2,8.93,0,0,341,2,84,484,0.09,0.92,657.0,294.7
17/07/2020,1001,12301,2,8.9,0,0,345,3,-10,406,-0.01,0.68,715.0,325.7
18/07/2020,599,6209,0,10.28,0,0,389,4,-402,311,-0.4,1.08,759.43,342.17
19/07/2020,375,3633,3,10.78,0,0,420,4,-224,141,-0.37,0.6,779.57,351.7
20/07/2020,1247,9865,2,9.04,0,0,391,10,872,472,2.33,0.61,847.0,391.83
21/07/2020,1189,13477,0,9.44,0,0,420,9,-58,420,-0.05,0.55,907.0,430.13
22/07/2020,1130,13508,2,8.91,0,0,418,6,-59,203,-0.05,0.22,936.0,464.57
23/07/2020,1168,13995,2,8.03,0,0,446,5,38,157,0.03,0.16,958.43,499.4
24/07/2020,1109,15680,0,7.47,0,0,452,6,-59,108,-0.05,0.11,973.86,534.8
25/07/2020,487,7055,0,6.98,0,0,501,12,-622,-112,-0.56,-0.19,957.86,546.17
26/07/2020,358,4884,0,9.41,0,0,533,11,-129,-17,-0.26,-0.05,955.43,552.0
27/07/2020,1248,10860,4,8.09,0,0,519,11,890,1,2.49,0.0,955.57,591.57
28/07/2020,1200,14584,3,8.77,0,0,529,10,-48,11,-0.04,0.01,957.14,629.5
29/07/2020,1165,15922,0,8.1,0,0,537,8,-35,35,-0.03,0.03,962.14,662.17
30/07/2020,1115,13301,0,8.87,0,0,527,15,-50,-53,-0.04,-0.05,954.57,693.47
31/07/2020,1162,15721,1,8.31,0,0,535,11,47,53,0.04,0.05,962.14,723.83
01/08/2020,466,7263,0,7.52,0,0,576,10,-696,-21,-0.6,-0.04,959.14,731.8
02/08/2020,336,3974,0,8.69,0,0,623,7,-130,-22,-0.28,-0.06,956.0,734.13
03/08/2020,1140,11154,2,8.11,0,0,640,8,804,-108,2.39,-0.09,940.57,767.5
04/08/2020,1072,15528,0,7.8,0,0,613,12,-68,-128,-0.06,-0.11,922.29,799.17
05/08/2020,1039,13657,0,8.27,0,0,579,6,-33,-126,-0.03,-0.11,904.29,822.03
06/08/2020,1036,13931,0,7.96,0,0,575,11,-3,-79,-0.0,-0.07,893.0,842.3
07/08/2020,1160,16085,0,7.8,0,0,545,8,124,-2,0.12,-0.0,892.71,864.27
08/08/2020,522,9242,0,5.81,0,0,572,5,-638,56,-0.55,0.12,900.71,864.1
09/08/2020,378,4267,1,8.64,0,0,586,8,-144,42,-0.28,0.12,906.71,856.87
10/08/2020,1198,13274,0,7.79,0,0,578,14,820,58,2.17,0.05,915.0,887.2
11/08/2020,1111,15501,0,7.58,0,0,580,11,-87,39,-0.07,0.04,920.57,916.43
12/08/2020,1086,14628,0,7.9,0,0,577,9,-25,47,-0.02,0.05,927.29,926.8
13/08/2020,1145,14323,0,7.96,0,0,580,9,59,109,0.05,0.11,942.86,939.33
14/08/2020,1184,16222,0,8.11,0,0,561,13,39,24,0.03,0.02,946.29,947.9
15/08/2020,509,6671,0,8.36,0,0,601,8,-675,-13,-0.57,-0.02,944.43,931.17
16/08/2020,440,4617,0,8.61,0,0,643,7,-69,62,-0.14,0.16,953.29,912.47
17/08/2020,1249,12568,0,8.5,0,0,645,9,809,51,1.84,0.04,960.57,934.13
18/08/2020,1233,16935,0,7.91,0,0,646,10,-16,122,-0.01,0.11,978.0,962.73
19/08/2020,1296,15194,0,8.48,0,0,669,12,63,210,0.05,0.19,1008.0,964.37
20/08/2020,1294,14206,0,9.78,0,0,666,12,-2,149,-0.0,0.13,1029.29,967.87
21/08/2020,1387,19329,0,7.78,0,0,626,5,93,203,0.07,0.17,1058.29,976.43
22/08/2020,578,8492,0,6.2,0,0,661,8,-809,69,-0.58,0.14,1068.14,956.77
23/08/2020,467,4900,1,9.15,0,0,673,12,-111,27,-0.19,0.06,1072.0,935.37
24/08/2020,1508,17316,0,7.02,0,0,668,16,1041,259,2.23,0.21,1109.0,969.4
25/08/2020,1337,20112,0,7.0,0,0,670,8,-171,104,-0.11,0.08,1123.86,1002.03
26/08/2020,1423,20658,0,7.39,0,0,656,10,86,127,0.06,0.1,1142.0,1007.87
27/08/2020,1291,18596,0,7.36,0,0,668,12,-132,-3,-0.09,-0.0,1141.57,1010.9
28/08/2020,1304,20915,0,6.61,0,0,635,11,13,-83,0.01,-0.06,1129.71,1015.53
29/08/2020,565,7100,1,7.69,0,0,676,6,-739,-13,-0.57,-0.02,1127.86,997.2
30/08/2020,504,4619,1,9.7,0,0,703,11,-61,37,-0.11,0.08,1133.14,975.27
31/08/2020,1321,15540,0,7.69,0,0,702,8,817,-187,1.62,-0.12,1106.43,1003.77
01/09/2020,1170,20226,1,6.8,0,0,720,16,-151,-167,-0.11,-0.12,1082.57,1031.57
02/09/2020,1181,17753,0,6.61,0,0,686,10,11,-242,0.01,-0.17,1048.0,1032.93
03/09/2020,1236,18797,0,6.77,0,0,668,13,55,-55,0.05,-0.04,1040.14,1038.4
04/09/2020,1332,20978,1,7.03,0,0,666,13,96,28,0.08,0.02,1044.14,1048.17
05/09/2020,549,7701,0,7.61,0,0,701,10,-783,-16,-0.59,-0.03,1041.86,1031.93
06/09/2020,390,3945,0,10.13,0,0,729,10,-159,-114,-0.29,-0.23,1025.57,1006.27
07/09/2020,1323,15179,0,7.04,0,0,719,9,933,2,2.39,0.0,1025.86,1032.97
08/09/2020,1158,18765,0,6.99,0,0,730,10,-165,-12,-0.12,-0.01,1024.14,1058.97
09/09/2020,1166,15758,0,7.83,0,0,711,13,8,-15,0.01,-0.01,1022.0,1057.9
10/09/2020,1296,19060,0,7.84,0,0,701,15,130,60,0.11,0.05,1030.57,1064.07
11/09/2020,534,7397,0,7.52,0,0,732,7,-762,-798,-0.59,-0.6,916.57,1045.67
12/09/2020,662,7136,0,9.21,0,0,765,5,128,113,0.24,0.21,932.71,1029.57
13/09/2020,474,4257,0,9.8,0,0,817,8,-188,84,-0.28,0.22,944.71,1005.9
14/09/2020,1406,15923,0,6.95,0,0,792,16,932,83,1.97,0.06,956.57,1035.8
15/09/2020,1397,19961,0,7.91,0,0,777,10,-9,239,-0.01,0.21,990.71,1067.7
16/09/2020,1384,17867,0,8.22,0,0,762,15,-13,218,-0.01,0.19,1021.86,1072.2
17/09/2020,1312,19189,1,6.69,0,0,766,14,-72,16,-0.05,0.01,1024.14,1074.83
18/09/2020,1353,22411,0,6.67,0,0,724,11,41,819,0.03,1.53,1141.14,1076.73
19/09/2020,539,9844,0,5.45,0,0,755,14,-814,-123,-0.6,-0.19,1123.57,1051.57
20/09/2020,500,6480,0,7.27,0,0,794,7,-39,26,-0.07,0.05,1127.29,1022.0
21/09/2020,1525,20261,0,6.34,0,0,808,16,1025,119,2.05,0.08,1144.29,1053.57
22/09/2020,1235,24660,0,5.54,0,0,776,6,-290,-162,-0.19,-0.12,1121.14,1079.17
23/09/2020,1270,24132,4,5.46,0,0,780,11,35,-114,0.03,-0.08,1104.86,1071.23
24/09/2020,928,16268,4,5.42,0,0,769,18,-342,-384,-0.27,-0.29,1050.0,1057.6
25/09/2020,1241,24125,8,5.4,0,0,738,13,313,-112,0.34,-0.08,1034.0,1051.53
26/09/2020,564,8978,8,5.97,0,0,779,6,-677,25,-0.55,0.05,1037.57,1027.3
27/09/2020,427,5787,7,6.72,0,0,801,18,-137,-73,-0.24,-0.15,1027.14,998.07
28/09/2020,1586,22434,14,5.75,0,0,800,11,1159,61,2.71,0.04,1035.86,1032.1
29/09/2020,1482,27481,12,5.63,0,0,798,20,-104,247,-0.07,0.2,1071.14,1064.7
30/09/2020,1443,26349,11,5.67,0,0,798,19,-39,173,-0.03,0.14,1095.86,1068.77
01/10/2020,1565,23291,0,6.79,0,0,785,14,122,637,0.08,0.69,1186.86,1081.93
02/10/2020,1812,28522,0,6.64,0,0,767,12,247,571,0.16,0.46,1268.43,1102.97
03/10/2020,693,9726,0,7.02,0,0,794,8,-1119,129,-0.62,0.23,1286.86,1084.87
04/10/2020,593,6463,0,8.42,0,0,839,16,-100,166,-0.14,0.39,1310.57,1060.23
05/10/2020,2156,23695,0,7.28,0,0,849,12,1563,570,2.64,0.36,1392.0,1113.8
06/10/2020,2085,32297,0,6.71,0,0,830,18,-71,603,-0.03,0.41,1478.14,1170.3
07/10/2020,2208,27499,0,7.67,0,0,843,12,123,765,0.06,0.53,1587.43,1199.8
08/10/2020,2526,26982,0,9.27,0,0,869,15,318,961,0.14,0.61,1724.71,1245.4
09/10/2020,2912,30386,0,10.1,0,0,851,21,386,1100,0.15,0.61,1881.86,1303.6
10/10/2020,1216,11187,0,10.21,0,0,903,22,-1696,523,-0.58,0.75,1956.57,1300.93
11/10/2020,1158,8344,0,12.9,0,0,969,21,-58,565,-0.05,0.95,2037.29,1321.73
12/10/2020,1332,7238,0,15.09,0,0,1002,20,174,-824,0.15,-0.38,1919.57,1344.07
13/10/2020,3716,29855,0,10.26,0,0,1026,17,2384,1631,1.79,0.78,2152.57,1452.13
14/10/2020,3779,35389,0,10.59,0,0,1072,14,63,1571,0.02,0.71,2377.0,1531.23
15/10/2020,3710,38199,0,10.42,0,0,1124,23,-69,1184,-0.02,0.47,2546.14,1608.33
16/10/2020,4118,39549,0,11.15,0,0,1122,28,408,1206,0.11,0.41,2718.43,1699.47
17/10/2020,1903,17364,141,10.97,0,0,1231,29,-2215,687,-0.54,0.56,2816.57,1719.17
18/10/2020,1670,10960,159,12.99,0,0,1331,24,-233,512,-0.12,0.44,2889.71,1729.73
19/10/2020,5619,36193,313,11.66,0,0,1433,37,3949,4287,2.36,3.22,3502.14,1899.07
20/10/2020,5746,43478,1146,13.48,0,0,1471,25,127,2030,0.02,0.55,3792.14,2073.93
21/10/2020,6014,46322,2389,13.14,0,0,1672,27,268,2235,0.05,0.59,4111.43,2223.57
22/10/2020,5879,42933,3461,13.43,0,0,1742,38,-135,2169,-0.02,0.58,4421.29,2378.37
23/10/2020,5722,44192,3895,12.48,0,0,1780,44,-157,1604,-0.03,0.39,4650.43,2526.77
24/10/2020,2535,17744,1454,14.0,0,0,1944,35,-3187,632,-0.56,0.33,4740.71,2580.33
25/10/2020,1993,10959,1316,17.22,0,0,2079,31,-542,323,-0.21,0.19,4786.86,2605.4
26/10/2020,6475,37409,6334,13.1,0,0,2201,60,4482,856,2.25,0.15,4909.14,2802.43
27/10/2020,5831,45997,6129,12.01,0,0,2288,45,-644,85,-0.1,0.01,4921.29,2982.57
28/10/2020,5395,42780,7402,11.27,0,0,2386,54,-436,-619,-0.07,-0.1,4832.86,3109.53
29/10/2020,4641,41486,7939,10.27,0,0,2455,47,-754,-1238,-0.14,-0.21,4656.0,3214.83
30/10/2020,4959,43500,9179,10.37,0,0,2405,76,318,-763,0.07,-0.13,4547.0,3332.03
31/10/2020,2371,19415,2799,11.74,0,0,2545,68,-2588,-164,-0.52,-0.06,4523.57,3358.9
01/11/2020,1624,9500,1725,14.22,0,0,2710,54,-747,-369,-0.32,-0.19,4470.86,3352.63
02/11/2020,5888,30988,12280,12.28,0,0,2671,70,4264,-587,2.63,-0.09,4387.0,3525.8
03/11/2020,5083,38731,12097,10.83,0,0,2720,77,-805,-748,-0.14,-0.13,4280.14,3675.47
04/11/2020,4227,37963,11461,9.61,0,0,2779,77,-856,-1168,-0.17,-0.22,4113.29,3744.5
05/11/2020,3972,34566,11467,9.47,0,0,2716,89,-255,-669,-0.06,-0.14,4017.71,3807.4
06/11/2020,3712,35503,11715,9.0,0,0,2614,66,-260,-1247,-0.07,-0.25,3839.57,3857.53
07/11/2020,1641,13647,3242,10.34,0,0,2699,61,-2071,-730,-0.56,-0.31,3735.29,3828.03
08/11/2020,930,5535,2325,12.72,0,0,2811,68,-711,-694,-0.43,-0.43,3636.14,3761.97
09/11/2020,3958,27616,12514,9.61,0,0,2727,76,3028,-1930,3.26,-0.33,3360.43,3853.37
10/11/2020,3371,32288,11582,8.74,0,0,2661,69,-587,-1712,-0.15,-0.34,3115.86,3927.13
11/11/2020,2813,28824,10180,7.88,0,0,2707,67,-558,-1414,-0.17,-0.33,2913.86,3976.5
12/11/2020,2549,24666,9618,8.08,0,0,2661,78,-264,-1423,-0.09,-0.36,2710.57,3937.6
13/11/2020,2411,27438,9576,7.21,0,0,2486,63,-138,-1301,-0.05,-0.35,2524.71,3892.0
14/11/2020,1028,9964,2792,8.35,0,0,2552,61,-1383,-613,-0.57,-0.37,2437.14,3802.6
15/11/2020,623,4556,2102,9.44,0,0,2581,51,-405,-307,-0.39,-0.33,2393.29,3686.1
16/11/2020,2721,24072,11138,7.82,0,0,2529,70,2098,-1237,3.37,-0.31,2216.57,3713.37
17/11/2020,2357,28342,9187,7.08,0,0,2430,67,-364,-1014,-0.13,-0.3,2071.71,3736.27
18/11/2020,1950,23805,8356,6.67,0,0,2328,62,-407,-863,-0.17,-0.31,1948.43,3613.97
19/11/2020,1637,22734,8153,6.06,0,0,2244,57,-313,-912,-0.16,-0.36,1818.14,3477.0
20/11/2020,1586,22925,7986,5.9,0,0,2075,55,-51,-825,-0.03,-0.34,1700.29,3329.4
21/11/2020,655,7999,2138,6.44,0,0,2130,53,-931,-373,-0.59,-0.36,1647.0,3155.27
22/11/2020,447,3578,1834,7.83,0,0,2160,43,-208,-176,-0.32,-0.28,1621.86,2979.43
23/11/2020,1782,21042,11591,5.66,0,0,2038,49,1335,-939,2.99,-0.35,1487.71,2954.33
24/11/2020,1630,25978,11497,4.54,0,0,1973,25,-152,-727,-0.09,-0.31,1383.86,2942.23
25/11/2020,1434,24225,11876,4.23,0,0,1858,61,-196,-516,-0.12,-0.26,1310.14,2774.2
26/11/2020,1435,23489,10368,4.18,0,0,1776,55,1,-202,0.0,-0.12,1281.29,2627.67
27/11/2020,1475,23080,11129,4.62,0,0,1681,46,40,-111,0.03,-0.07,1265.43,2497.0
28/11/2020,661,10622,4189,4.65,0,0,1739,56,-814,6,-0.55,0.01,1266.29,2364.33
29/11/2020,459,4048,2067,6.82,0,0,1787,50,-202,12,-0.31,0.03,1268.0,2214.33
30/11/2020,1675,19578,13484,5.0,0,0,1746,48,1216,-107,2.65,-0.06,1252.71,2191.13
01/12/2020,1515,23660,17984,3.89,0,0,1676,53,-160,-115,-0.1,-0.07,1236.29,2187.5
02/12/2020,1379,24629,20062,3.41,0,0,1601,46,-136,-55,-0.09,-0.04,1228.43,2037.2
03/12/2020,1304,21921,22575,2.93,0,0,1553,64,-75,-131,-0.05,-0.09,1209.71,1911.23
04/12/2020,1216,21386,20345,3.2,0,0,1509,46,-88,-259,-0.07,-0.18,1172.71,1810.87
05/12/2020,504,8927,8413,3.07,0,0,1555,33,-712,-157,-0.59,-0.24,1150.29,1695.27
06/12/2020,370,3308,2973,6.11,0,0,1617,37,-134,-89,-0.27,-0.19,1137.57,1583.87
07/12/2020,1588,17127,13771,5.18,0,0,1596,35,1218,-87,3.29,-0.05,1125.14,1582.1
08/12/2020,499,5216,2236,6.56,0,0,1623,37,-1089,-1016,-0.69,-0.67,980.0,1567.73
09/12/2020,2043,22403,20224,4.73,0,0,1525,44,1544,664,3.09,0.48,1074.86,1503.9
10/12/2020,1832,25645,20767,4.02,0,0,1461,50,-211,528,-0.1,0.4,1150.29,1452.6
11/12/2020,1887,24975,21344,4.25,0,0,1430,33,55,671,0.03,0.55,1246.14,1421.73
12/12/2020,870,11528,8427,4.38,0,0,1479,36,-1017,366,-0.54,0.73,1298.43,1365.77
13/12/2020,705,4293,3143,9.29,0,0,1567,36,-165,335,-0.19,0.91,1346.29,1308.9
14/12/2020,2558,22261,18880,5.98,0,0,1541,27,1853,970,2.63,0.61,1484.86,1359.9
15/12/2020,2332,29894,19689,4.85,0,0,1519,34,-226,1833,-0.09,3.67,1746.71,1416.87
16/12/2020,2183,26771,20593,4.68,0,0,1560,33,-149,140,-0.06,0.07,1766.71,1398.93
17/12/2020,2109,26167,21865,4.59,0,0,1569,30,-74,277,-0.03,0.15,1806.29,1390.67
18/12/2020,2272,25762,23645,4.83,0,0,1553,39,163,385,0.08,0.2,1861.29,1401.4
19/12/2020,1109,11585,6574,6.04,0,0,1606,36,-1163,239,-0.51,0.27,1895.43,1383.8
20/12/2020,831,7564,3742,6.72,0,0,1671,41,-278,126,-0.25,0.18,1913.43,1358.63
21/12/2020,3002,24546,23889,6.21,0,0,1659,34,2171,444,2.61,0.17,1976.86,1436.87
22/12/2020,2787,31840,26477,5.21,0,0,1666,44,-215,455,-0.07,0.2,2041.86,1514.87
23/12/2020,2735,30879,26070,5.22,0,0,1604,50,-52,552,-0.02,0.25,2120.71,1546.63
24/12/2020,2345,24002,23492,5.59,0,0,1571,33,-390,236,-0.14,0.11,2154.43,1570.47
25/12/2020,884,5404,3651,9.11,0,0,1647,36,-1461,-1388,-0.62,-0.61,1956.14,1552.13
26/12/2020,1106,6716,4403,9.61,0,0,1704,38,222,-3,0.25,-0.0,1955.71,1541.17
27/12/2020,1132,5007,4130,10.62,804,0,1788,42,26,301,0.02,0.36,1998.71,1529.73
28/12/2020,4035,21904,20015,9.48,1,0,1833,47,2903,1033,2.56,0.34,2146.29,1642.2
29/12/2020,3980,26587,19753,9.02,448,0,1850,44,-55,1193,-0.01,0.43,2316.71,1759.57
30/12/2020,3784,27837,19759,8.69,2590,0,1835,47,-196,1049,-0.05,0.38,2466.57,1829.87
31/12/2020,3411,22515,17245,10.0,2579,0,1803,49,-373,1066,-0.1,0.45,2618.86,1893.07
01/01/2021,1133,5761,3482,10.88,3,0,1909,42,-2278,249,-0.67,0.28,2654.43,1884.87
02/01/2021,1708,9218,6120,11.0,2014,0,2016,47,575,602,0.51,0.54,2740.43,1898.33
03/01/2021,1477,5164,4482,14.03,4,0,2154,14,-231,345,-0.14,0.3,2789.71,1907.03
04/01/2021,4832,22919,21352,11.1,3063,0,2131,47,3355,797,2.27,0.2,2903.57,2051.3
05/01/2021,4709,30585,19474,10.58,13170,0,2089,61,-123,729,-0.03,0.18,3007.71,2195.93
06/01/2021,1495,8565,3894,10.63,3111,0,2196,40,-3214,-2289,-0.68,-0.6,2680.71,2192.83
07/01/2021,4804,27178,19887,10.36,16471,0,2277,60,3309,1393,2.21,0.41,2879.71,2336.33
08/01/2021,4752,34733,16546,10.48,19008,0,2386,56,-52,3619,-0.01,3.19,3396.71,2426.63
09/01/2021,2097,13899,5312,11.39,9042,0,2346,65,-2655,389,-0.56,0.23,3452.29,2435.47
10/01/2021,1836,6478,4105,16.0,4648,0,2438,60,-261,359,-0.12,0.24,3503.57,2433.77
11/01/2021,6047,33240,19495,11.56,10734,0,2488,65,4211,1215,2.29,0.25,3677.14,2606.33
12/01/2021,5115,45249,17234,9.19,15654,0,2550,67,-932,406,-0.15,0.09,3735.14,2753.33
13/01/2021,4444,49753,16386,7.75,14354,0,2575,62,-671,2949,-0.13,1.97,4156.43,2816.2
14/01/2021,4043,45289,15497,7.27,14336,0,2574,78,-401,-761,-0.09,-0.16,4047.71,2873.23
15/01/2021,4022,46638,16434,7.11,15603,0,2565,67,-21,-730,-0.01,-0.15,3943.43,2934.53
16/01/2021,2037,18538,5853,8.79,4413,0,2698,64,-1985,-60,-0.49,-0.03,3934.86,2932.13
17/01/2021,1495,9594,3976,11.21,2283,148,2847,78,-542,-341,-0.27,-0.19,3886.14,2906.23
18/01/2021,5204,42786,20832,8.12,11535,229,2833,71,3709,-843,2.48,-0.14,3765.71,3042.73
19/01/2021,4598,53099,19596,6.95,3309,474,2899,86,-606,-517,-0.12,-0.1,3691.86,3168.3
20/01/2021,4052,51768,20160,6.16,2604,1616,2882,80,-546,-392,-0.12,-0.09,3635.86,3203.3
21/01/2021,3787,52113,18803,5.75,2838,1487,2944,75,-265,-256,-0.07,-0.06,3599.29,3236.63
22/01/2021,3635,48751,18587,6.18,5060,1827,2879,93,-152,-387,-0.04,-0.1,3544.0,3266.63
23/01/2021,1675,17979,6871,7.13,2664,1188,3016,64,-1960,-362,-0.54,-0.18,3492.29,3244.3
24/01/2021,1215,8366,4595,10.38,552,301,3092,87,-460,-280,-0.27,-0.19,3452.29,3255.33
25/01/2021,4614,38072,23628,7.38,3142,2172,3055,100,3399,-590,2.8,-0.11,3368.0,3372.27
26/01/2021,3689,47274,21796,6.06,1488,9020,3039,76,-925,-909,-0.2,-0.2,3238.14,3457.5
27/01/2021,3454,45541,18759,5.75,1179,5347,2958,79,-235,-598,-0.06,-0.15,3152.71,3438.13
28/01/2021,3338,41620,18668,6.23,1352,13588,2927,75,-116,-449,-0.03,-0.12,3088.57,3416.73
29/01/2021,3095,40549,16779,6.43,1429,16440,2914,88,-243,-540,-0.07,-0.15,3011.43,3393.77
30/01/2021,1385,14674,6014,7.26,834,7485,3056,83,-1710,-290,-0.55,-0.17,2970.0,3326.23
31/01/2021,900,6210,4296,8.49,486,3858,3158,72,-485,-315,-0.35,-0.26,2925.0,3318.47
01/02/2021,3496,34387,20527,6.47,1552,9763,3075,50,2596,-1118,2.88,-0.24,2765.29,3378.07
02/02/2021,2925,40407,18167,5.86,749,11641,2961,69,-571,-764,-0.16,-0.21,2656.14,3426.33
03/02/2021,2554,39342,18286,5.13,629,13876,2882,62,-371,-900,-0.13,-0.26,2527.57,3350.4
04/02/2021,2405,36543,16908,5.13,1106,11962,2812,65,-149,-933,-0.06,-0.28,2394.29,3273.6
05/02/2021,2182,32480,16015,5.22,1508,16511,2632,67,-223,-913,-0.09,-0.29,2263.86,3296.5
06/02/2021,838,12800,5708,5.14,606,3472,2693,65,-1344,-547,-0.62,-0.39,2185.71,3164.3
07/02/2021,615,5302,3930,6.47,256,693,2768,52,-223,-285,-0.27,-0.32,2145.0,3026.4
08/02/2021,2584,29763,19887,5.68,2306,7603,2650,57,1969,-912,3.2,-0.26,2014.71,3042.63
09/02/2021,2146,36519,23010,4.14,3097,9872,2573,51,-438,-779,-0.17,-0.27,1903.43,3052.97
10/02/2021,1750,31807,23789,3.48,9964,6743,2476,54,-396,-804,-0.18,-0.31,1788.57,2909.73
11/02/2021,1764,27338,25028,3.74,13076,5641,2377,46,14,-641,0.01,-0.27,1697.0,2798.03
12/02/2021,1716,27740,23544,3.87,14982,6990,2224,44,-48,-466,-0.03,-0.21,1630.43,2707.1
13/02/2021,790,10341,5375,5.13,2380,2732,2317,49,-926,-48,-0.54,-0.06,1623.57,2598.67
14/02/2021,520,4448,2709,6.59,361,366,2384,27,-270,-95,-0.34,-0.15,1610.0,2481.93
15/02/2021,2164,22155,13291,6.51,8511,3395,2323,44,1644,-420,3.16,-0.16,1550.0,2486.17
16/02/2021,2027,30937,12104,5.1,8818,1555,2168,50,-137,-119,-0.06,-0.06,1533.0,2503.9
17/02/2021,1789,27118,10364,5.0,14789,1591,2125,42,-238,39,-0.12,0.02,1538.57,2390.07
18/02/2021,1788,26224,10798,5.36,17260,1642,2032,41,-1,24,-0.0,0.01,1542.0,2296.4
19/02/2021,1564,25363,9790,5.11,18779,3005,1943,17,-224,-152,-0.13,-0.09,1520.29,2213.47
20/02/2021,747,10672,3317,5.54,1372,670,1981,31,-817,-43,-0.52,-0.05,1514.14,2112.13
21/02/2021,523,5175,2545,6.27,324,21,2043,33,-224,3,-0.3,0.01,1514.57,2008.4
22/02/2021,2023,24767,12640,5.63,12963,1722,1978,23,1500,-141,2.87,-0.07,1494.43,2020.0
23/02/2021,1659,29515,10188,4.8,27143,1360,1914,20,-364,-368,-0.18,-0.18,1441.86,2034.8
24/02/2021,1588,26572,9790,4.6,40286,1025,1834,28,-71,-201,-0.04,-0.11,1413.14,1933.93
25/02/2021,1440,21732,9105,5.15,39364,998,1792,27,-148,-348,-0.09,-0.19,1363.43,1858.97
26/02/2021,1388,25790,9007,4.66,30365,1520,1688,28,-52,-176,-0.04,-0.11,1338.29,1790.1
27/02/2021,631,11413,3218,4.49,2462,88,1739,35,-757,-116,-0.55,-0.16,1321.71,1699.87
28/02/2021,488,4172,2338,6.61,549,28,1793,19,-143,-35,-0.23,-0.07,1316.71,1612.97
01/03/2021,1779,24492,11720,5.29,5704,742,1703,27,1291,-244,2.65,-0.12,1281.86,1626.1
02/03/2021,1427,28971,9777,4.28,17651,991,1666,25,-352,-232,-0.2,-0.14,1248.71,1643.67
03/03/2021,1333,24908,9446,4.25,28945,1307,1643,29,-94,-255,-0.07,-0.16,1212.29,1571.57
04/03/2021,1194,22053,8660,4.19,30792,2085,1610,24,-139,-246,-0.1,-0.17,1177.14,1513.87
05/03/2021,1228,22583,8147,4.66,22083,7715,1549,30,34,-160,0.03,-0.12,1154.29,1469.67
06/03/2021,576,9350,3083,4.49,2879,1785,1598,27,-652,-55,-0.53,-0.09,1146.43,1408.7
07/03/2021,479,4432,2327,6.5,1095,330,1649,18,-97,-9,-0.17,-0.02,1145.14,1351.93
08/03/2021,1461,21227,10537,4.67,10626,4876,1589,25,982,-318,2.05,-0.18,1099.71,1372.7
09/03/2021,1250,25505,8351,4.1,14705,5356,1550,22,-211,-177,-0.14,-0.12,1074.43,1393.87
10/03/2021,1245,21965,7762,4.54,19833,5755,1514,28,-5,-88,-0.0,-0.07,1061.86,1349.23
11/03/2021,1172,17964,8141,4.74,13347,10059,1476,15,-73,-22,-0.06,-0.02,1058.71,1316.77
12/03/2021,1248,20608,7941,4.99,11925,12802,1424,18,76,20,0.06,0.02,1061.57,1300.03
13/03/2021,558,8861,2755,4.85,1733,890,1501,18,-690,-18,-0.55,-0.03,1059.0,1259.83
14/03/2021,428,4183,2255,5.9,149,55,1565,14,-130,-51,-0.23,-0.11,1051.71,1216.9
15/03/2021,1663,19801,10160,5.78,6919,3785,1501,18,1235,202,2.89,0.14,1080.57,1246.0
16/03/2021,1404,24255,8414,4.85,890,15117,1454,22,-259,154,-0.16,0.12,1102.57,1275.47
17/03/2021,1333,22072,8023,4.75,2087,29261,1430,17,-71,88,-0.05,0.07,1115.14,1247.77
18/03/2021,1341,20258,7817,5.14,2898,28815,1437,8,8,169,0.01,0.14,1139.29,1224.9
19/03/2021,1270,22220,7368,4.93,3984,22908,1362,9,-71,22,-0.05,0.02,1142.43,1207.6
20/03/2021,592,8135,2857,5.21,101,862,1413,22,-678,34,-0.53,0.06,1147.29,1167.73
21/03/2021,537,4372,2320,7.25,0,0,1434,24,-55,109,-0.09,0.25,1162.86,1133.5
22/03/2021,1741,21055,9814,5.94,2585,2404,1420,23,1204,78,2.24,0.05,1174.0,1166.63
23/03/2021,1670,27203,8889,5.3,4681,12260,1395,24,-71,266,-0.04,0.19,1212.0,1204.87
24/03/2021,1645,24043,8117,5.43,25021,22904,1386,27,-25,312,-0.01,0.23,1256.57,1192.27
25/03/2021,1521,21983,8002,5.63,33536,18918,1394,8,-124,180,-0.08,0.13,1282.29,1187.67
26/03/2021,1512,23667,7734,5.93,32809,12637,1332,15,-9,242,-0.01,0.19,1316.86,1185.13
27/03/2021,702,11815,3135,5.39,14849,174,1411,9,-810,110,-0.54,0.19,1332.57,1160.53
28/03/2021,554,5956,2253,7.71,4565,3,1483,15,-148,17,-0.21,0.03,1335.0,1132.73
29/03/2021,1723,16371,8323,8.07,24498,1498,1489,16,1169,-18,2.11,-0.01,1332.43,1169.13
30/03/2021,656,3943,4261,7.11,51960,6142,1498,1,-1067,-1014,-0.62,-0.61,1187.57,1174.73
